<?xml version="1.0" encoding="UTF-8"?>
<beans xmlns="http://www.springframework.org/schema/beans"
	xmlns:xsi="http://www.w3.org/2001/XMLSchema-instance"
	xmlns:aop="http://www.springframework.org/schema/aop"
	xmlns:context="http://www.springframework.org/schema/context"
	xmlns:jdbc="http://www.springframework.org/schema/jdbc"
	xmlns:mybatis-spring="http://mybatis.org/schema/mybatis-spring"
	xmlns:tx="http://www.springframework.org/schema/tx"
	xmlns:websocket="http://www.springframework.org/schema/websocket"
	xsi:schemaLocation="http://www.springframework.org/schema/websocket http://www.springframework.org/schema/websocket/spring-websocket-4.3.xsd
		http://www.springframework.org/schema/jdbc http://www.springframework.org/schema/jdbc/spring-jdbc-4.3.xsd
		http://mybatis.org/schema/mybatis-spring http://mybatis.org/schema/mybatis-spring-1.2.xsd
		http://www.springframework.org/schema/beans https://www.springframework.org/schema/beans/spring-beans.xsd
		http://www.springframework.org/schema/context http://www.springframework.org/schema/context/spring-context-4.3.xsd
		http://www.springframework.org/schema/aop http://www.springframework.org/schema/aop/spring-aop-4.3.xsd
		http://www.springframework.org/schema/tx http://www.springframework.org/schema/tx/spring-tx.xsd">
	
	<!-- Root Context: defines shared resources visible to all other web components -->
	
	<!-- DB 연결 -->
	<context:property-placeholder
		location="/config/*.properties" />
		
	<bean class="org.apache.commons.dbcp.BasicDataSource"
		id="dataSource" destroy-method="close">
		<property name="driverClassName"
			value="oracle.jdbc.driver.OracleDriver" />
		<property name="url"
			value="jdbc:oracle:thin:@localhost:1521:xe" />
		<property name="username" value="final_project" />
		<property name="password" value="qwer1234" />
	</bean>
	
	
	<bean class="org.mybatis.spring.SqlSessionFactoryBean"
		id="sqlSessionFactory">
		<property name="configLocation"
			value="classpath:mybatis-config.xml" />
		<property name="dataSource" ref="dataSource" />
	</bean>
	
	<bean class="org.mybatis.spring.SqlSessionTemplate"
		id="sqlSession">
		<constructor-arg ref="sqlSessionFactory"></constructor-arg>
	</bean>
	
	 
	<!-- 트랜잭션 관리자 설정 -->
	<bean id="transactionManager" class="org.springframework.jdbc.datasource.DataSourceTransactionManager">
	    <property name="dataSource" ref="dataSource" />
	</bean>
	
	<!-- 트랜잭션 설정 -->
	<tx:annotation-driven transaction-manager="transactionManager" />	
		
		
</beans>
